leak_region,1342186305
leak_region,1342186798
leak_region,1342186797
leak_region,1342187020
leak_region,1342188034
leak_region,1342188941
leak_region,1342189072
leak_region,1342188526
leak_region,1342189411
leak_region,1342187779
leak_region,1342199407
leak_region,1342199420
leak_region,1342199415
leak_region,1342199238
leak_region,1342199748
leak_region,1342199746
leak_region,1342200158
leak_region,1342200155
leak_region,1342189410
leak_region,1342206850
leak_region,1342214636
leak_region,1342214673
leak_region,1342220743
leak_region,1342220982
leak_region,1342220599
leak_region,1342221384
leak_region,1342221386
leak_region,1342220751
leak_region,1342221382
leak_region,1342221362
leak_region,1342221364
leak_region,1342222076
leak_region,1342222100
leak_region,1342222084
leak_region,1342222194
leak_region,1342222251
leak_region,1342222248
leak_region,1342223119
leak_region,1342222250
leak_region,1342223129
leak_region,1342222765
leak_region,1342223104
leak_region,1342223124
leak_region,1342223106
leak_region,1342223102
leak_region,1342223732
leak_region,1342223748
leak_region,1342223718
leak_region,1342223743
leak_region,1342223720
leak_region,1342223779
leak_region,1342224399
leak_region,1342224397
leak_region,1342224395
leak_region,1342223805
leak_region,1342228534
leak_region,1342231427
leak_region,1342232601
leak_region,1342237582
leak_region,1342232561
leak_region,1342239376
leak_region,1342245246
leak_region,1342247009
leak_region,1342246394
leak_region,1342247784
leak_region,1342247817
leak_region,1342249386
leak_region,1342249385
leak_region,1342249393
leak_region,1342249387
leak_region,1342249392
leak_region,1342249390
leak_region,1342249391
leak_region,1342249384
leak_region,1342250904
leak_region,1342246641
leak_region,1342265446
leak_region,1342265445
leak_region,1342265672
leak_region,1342265684
leak_region,1342265682
leak_region,1342265673
leak_region,1342265683
leak_region,1342265689
leak_region,1342265686
leak_region,1342265674
leak_region,1342265676
leak_region,1342265681
leak_region,1342265675
leak_region,1342265685
leak_region,1342265690
leak_region,1342265670
leak_region,1342265692
leak_region,1342265677
leak_region,1342265671
leak_region,1342265687
leak_region,1342265680
leak_region,1342265688
leak_region,1342265691
leak_region,1342265698
leak_region,1342265697
leak_region,1342264210
leak_region,1342264211
leak_region,1342265700
leak_region,1342264217
leak_region,1342264204
leak_region,1342264203
leak_region,1342265699
leak_region,1342264200
leak_region,1342264218
leak_region,1342264213
leak_region,1342264209
leak_region,1342264208
leak_region,1342264212
leak_region,1342264202
leak_region,1342264206
leak_region,1342264214
leak_region,1342264201
leak_region,1342264216
leak_region,1342264205
leak_region,1342264207
leak_region,1342264215
leak_region,1342264220
leak_region,1342264219
leak_region,1342264237
leak_region,1342264238
leak_region,1342265929
leak_region,1342265923
leak_region,1342265921
leak_region,1342265937
leak_region,1342265952
leak_region,1342265928
leak_region,1342265934
leak_region,1342265924
leak_region,1342265938
leak_region,1342265930
leak_region,1342265931
leak_region,1342265936
leak_region,1342265922
leak_region,1342265940
leak_region,1342265925
leak_region,1342265933
leak_region,1342265939
leak_region,1342265935
leak_region,1342265932
leak_region,1342265927
leak_region,1342267182
leak_region,1342267177
leak_region,1342267178
leak_region,1342267185
leak_region,1342267186
leak_region,1342267184
leak_region,1342267183
leak_region,1342267179
leak_region,1342267626
leak_region,1342267875
leak_region,1342267858
leak_region,1342267844
leak_region,1342267879
leak_region,1342267842
leak_region,1342267881
leak_region,1342267843
leak_region,1342267859
leak_region,1342267874
leak_region,1342267870
leak_region,1342267880
leak_region,1342267861
leak_region,1342267878
leak_region,1342267877
leak_region,1342267860
leak_region,1342270680
leak_region,1342270681
leak_region,1342209709
leak_region,1342209717
leak_region,1342229752
leak_region,1342208907
leak_region,1342267869
leak_region,1342189612
leak_region,1342198300
leak_region,1342202589
leak_region,1342203446
leak_region,1342208901
leak_region,1342208926
leak_region,1342209711
leak_region,1342209707
leak_region,1342210384
leak_region,1342210399
leak_region,1342210824
leak_region,1342210827
leak_region,1342210834
leak_region,1342211537
leak_region,1342211693
leak_region,1342211842
leak_region,1342212220
leak_region,1342212600
leak_region,1342212790
leak_region,1342213146
leak_region,1342213911
leak_region,1342213925
leak_region,1342214220
leak_region,1342225586
leak_region,1342225580
leak_region,1342225849
leak_region,1342225993
leak_region,1342234063
leak_region,1342235692
leak_region,1342236271
leak_region,1342236272
leak_region,1342250999
leak_region,1342251177
leak_region,1342251176
leak_region,1342252090
leak_region,1342252092
leak_region,1342253738
leak_region,1342254219
leak_region,1342254218
leak_region,1342254216
leak_region,1342254217
leak_region,1342254257
leak_region,1342254255
leak_region,1342254256
leak_region,1342254275
leak_region,1342254274
leak_region,1342254280
leak_region,1342254298
leak_region,1342254297
leak_region,1342254299
leak_region,1342254300
leak_region,1342254610
leak_region,1342254611
leak_region,1342254608
leak_region,1342254609
leak_region,1342254607
leak_region,1342254606
leak_region,1342254767
leak_region,1342254620
leak_region,1342254616
leak_region,1342254617
leak_region,1342254618
leak_region,1342254619
leak_region,1342254612
leak_region,1342254768
leak_region,1342254770
leak_region,1342254769
leak_region,1342254932
leak_region,1342254931
leak_region,1342254937
leak_region,1342256254
leak_region,1342256255
leak_region,1342256256
leak_region,1342256248
leak_region,1342256766
leak_region,1342256763
leak_region,1342256477
leak_region,1342256784
leak_region,1342256783
leak_region,1342256928
leak_region,1342257275
leak_region,1342257686
leak_region,1342257793
leak_region,1342259608
leak_region,1342262028
leak_region,1342262540
leak_region,1342262544
leak_region,1342262936
leak_region,1342262945
leak_region,1342262958
leak_region,1342262967
leak_region,1342262981
leak_region,1342262976
leak_region,1342263462
leak_region,1342263465
leak_region,1342263463
leak_region,1342263496
leak_region,1342266972
leak_region,1342266971
leak_region,1342266969
leak_region,1342266970
leak_region,1342266968
leak_region,1342266964
leak_region,1342266922
leak_region,1342266976
leak_region,1342266975
leak_region,1342266974
leak_region,1342266973
leak_region,1342266977
leak_region,1342266978
leak_region,1342266979
leak_region,1342266982
leak_region,1342266981
sed_range,1342188037
sed_range,1342188038
sed_range,1342188039
sed_range,1342188040
sed_range,1342188426
sed_range,1342188427
sed_range,1342188428
sed_range,1342188429
sed_range,1342188430
sed_range,1342188431
sed_range,1342188432
sed_range,1342188433
sed_range,1342188434
sed_range,1342189271
sed_range,1342189272
sed_range,1342189273
sed_range,1342191138
sed_range,1342191139
sed_range,1342191140
sed_range,1342192805
sed_range,1342192975
sed_range,1342192981
sed_range,1342192982
sed_range,1342192985
sed_range,1342192986
sed_range,1342192987
sed_range,1342192988
sed_range,1342193204
sed_range,1342193205
sed_range,1342193212
sed_range,1342193214
sed_range,1342193215
sed_range,1342193216
sed_range,1342193217
sed_range,1342195632
sed_range,1342195633
sed_range,1342195634
sed_range,1342196686
sed_range,1342196687
sed_range,1342196694
sed_range,1342196695
sed_range,1342196875
sed_range,1342196876
sed_range,1342196877
sed_range,1342197790
sed_range,1342197791
sed_range,1342197792
sed_range,1342197793
sed_range,1342197794
sed_range,1342197795
sed_range,1342197799
sed_range,1342197800
sed_range,1342197802
sed_range,1342197803
sed_range,1342197804
sed_range,1342197805
sed_range,1342197881
sed_range,1342197883
sed_range,1342197884
sed_range,1342197885
sed_range,1342197886
sed_range,1342197887
sed_range,1342197888
sed_range,1342197889
sed_range,1342197890
sed_range,1342197891
sed_range,1342197893
sed_range,1342197894
sed_range,1342197895
sed_range,1342197896
sed_range,1342197897
sed_range,1342197898
sed_range,1342197899
sed_range,1342197900
sed_range,1342197901
sed_range,1342197902
sed_range,1342197903
sed_range,1342197904
sed_range,1342197905
sed_range,1342197906
sed_range,1342197907
sed_range,1342198170
sed_range,1342198171
sed_range,1342198174
sed_range,1342198175
sed_range,1342198176
sed_range,1342198177
sed_range,1342199145
sed_range,1342199146
sed_range,1342199233
sed_range,1342199234
sed_range,1342199235
sed_range,1342199290
sed_range,1342199291
sed_range,1342199292
sed_range,1342199293
sed_range,1342199294
sed_range,1342199295
sed_range,1342199296
sed_range,1342199297
sed_range,1342199298
sed_range,1342199412
sed_range,1342199413
sed_range,1342199417
sed_range,1342199418
sed_range,1342199883
sed_range,1342199884
sed_range,1342202120
sed_range,1342202121
sed_range,1342202122
sed_range,1342202588
sed_range,1342203050
sed_range,1342203051
sed_range,1342203052
sed_range,1342203053
sed_range,1342203054
sed_range,1342203055
sed_range,1342203056
sed_range,1342203057
sed_range,1342203135
sed_range,1342203136
sed_range,1342203137
sed_range,1342203444
sed_range,1342203453
sed_range,1342203454
sed_range,1342203679
sed_range,1342203680
sed_range,1342203681
sed_range,1342204122
sed_range,1342204123
sed_range,1342204124
sed_range,1342204125
sed_range,1342204332
sed_range,1342204333
sed_range,1342204334
sed_range,1342206864
sed_range,1342206865
sed_range,1342206866
sed_range,1342206867
sed_range,1342206868
sed_range,1342206869
sed_range,1342206870
sed_range,1342206871
sed_range,1342206872
sed_range,1342206975
sed_range,1342206976
sed_range,1342206977
sed_range,1342206978
sed_range,1342206979
sed_range,1342206980
sed_range,1342206981
sed_range,1342206982
sed_range,1342206983
sed_range,1342206984
sed_range,1342206986
sed_range,1342206987
sed_range,1342206988
sed_range,1342206989
sed_range,1342206990
sed_range,1342206991
sed_range,1342206992
sed_range,1342207776
sed_range,1342207777
sed_range,1342207805
sed_range,1342207806
sed_range,1342207807
sed_range,1342207808
sed_range,1342207809
sed_range,1342207810
sed_range,1342207819
sed_range,1342207820
sed_range,1342208867
sed_range,1342208868
sed_range,1342208869
sed_range,1342208875
sed_range,1342208881
sed_range,1342208882
sed_range,1342208884
sed_range,1342208885
sed_range,1342208886
sed_range,1342208887
sed_range,1342208888
sed_range,1342208889
sed_range,1342208894
sed_range,1342208895
sed_range,1342208908
sed_range,1342208909
sed_range,1342208911
sed_range,1342208912
sed_range,1342208931
sed_range,1342208932
sed_range,1342208939
sed_range,1342208940
sed_range,1342209392
sed_range,1342209393
sed_range,1342209731
sed_range,1342209732
sed_range,1342209735
sed_range,1342209736
sed_range,1342210397
sed_range,1342210398
sed_range,1342210652
sed_range,1342210813
sed_range,1342210814
sed_range,1342210815
sed_range,1342210816
sed_range,1342211161
sed_range,1342211162
sed_range,1342211163
sed_range,1342211166
sed_range,1342211167
sed_range,1342211168
sed_range,1342211173
sed_range,1342211174
sed_range,1342211678
sed_range,1342211679
sed_range,1342211680
sed_range,1342211681
sed_range,1342211682
sed_range,1342211683
sed_range,1342211684
sed_range,1342211685
sed_range,1342211686
sed_range,1342211695
sed_range,1342211696
sed_range,1342211705
sed_range,1342211706
sed_range,1342211707
sed_range,1342211708
sed_range,1342211709
sed_range,1342211710
sed_range,1342211820
sed_range,1342211821
sed_range,1342211822
sed_range,1342212212
sed_range,1342212213
sed_range,1342212214
sed_range,1342212215
sed_range,1342212216
sed_range,1342212217
sed_range,1342212218
sed_range,1342212219
sed_range,1342212221
sed_range,1342212230
sed_range,1342212231
sed_range,1342212243
sed_range,1342212244
sed_range,1342212245
sed_range,1342212246
sed_range,1342212247
sed_range,1342212248
sed_range,1342212249
sed_range,1342212250
sed_range,1342212251
sed_range,1342212252
sed_range,1342212253
sed_range,1342212254
sed_range,1342212255
sed_range,1342212256
sed_range,1342212257
sed_range,1342212258
sed_range,1342212259
sed_range,1342212260
sed_range,1342212512
sed_range,1342212513
sed_range,1342212531
sed_range,1342212541
sed_range,1342212542
sed_range,1342212576
sed_range,1342212577
sed_range,1342212604
sed_range,1342212607
sed_range,1342212608
sed_range,1342212609
sed_range,1342212783
sed_range,1342212784
sed_range,1342212785
sed_range,1342213286
sed_range,1342213287
sed_range,1342213683
sed_range,1342213917
sed_range,1342213918
sed_range,1342213921
sed_range,1342213922
sed_range,1342214622
sed_range,1342214623
sed_range,1342214624
sed_range,1342214675
sed_range,1342214676
sed_range,1342214677
sed_range,1342215641
sed_range,1342215642
sed_range,1342215668
sed_range,1342215678
sed_range,1342215679
sed_range,1342215683
sed_range,1342215684
sed_range,1342215685
sed_range,1342215686
sed_range,1342215687
sed_range,1342215688
sed_range,1342215737
sed_range,1342215738
sed_range,1342216084
sed_range,1342216166
sed_range,1342216167
sed_range,1342216174
sed_range,1342216175
sed_range,1342216178
sed_range,1342216181
sed_range,1342216182
sed_range,1342216183
sed_range,1342216213
sed_range,1342216214
sed_range,1342216215
sed_range,1342216216
sed_range,1342216627
sed_range,1342216628
sed_range,1342216629
sed_range,1342216630
sed_range,1342216654
sed_range,1342216655
sed_range,1342217793
sed_range,1342217794
sed_range,1342217795
sed_range,1342217796
sed_range,1342217797
sed_range,1342217798
sed_range,1342217799
sed_range,1342217800
sed_range,1342217801
sed_range,1342217819
sed_range,1342217820
sed_range,1342217842
sed_range,1342217843
sed_range,1342217846
sed_range,1342217847
sed_range,1342217848
sed_range,1342217942
sed_range,1342217944
sed_range,1342218754
sed_range,1342218755
sed_range,1342218756
sed_range,1342218757
sed_range,1342219435
sed_range,1342220595
sed_range,1342220596
sed_range,1342220597
sed_range,1342220600
sed_range,1342220601
sed_range,1342220740
sed_range,1342220741
sed_range,1342220928
sed_range,1342220929
sed_range,1342220930
sed_range,1342220931
sed_range,1342221379
sed_range,1342221380
sed_range,1342221619
sed_range,1342221620
sed_range,1342221621
sed_range,1342221622
sed_range,1342221623
sed_range,1342221624
sed_range,1342221625
sed_range,1342221626
sed_range,1342221627
sed_range,1342221882
sed_range,1342221883
sed_range,1342223147
sed_range,1342223148
sed_range,1342223149
sed_range,1342223150
sed_range,1342223151
sed_range,1342223152
sed_range,1342223153
sed_range,1342223154
sed_range,1342223155
sed_range,1342223375
sed_range,1342223711
sed_range,1342223712
sed_range,1342223713
sed_range,1342223808
sed_range,1342223998
sed_range,1342223999
sed_range,1342224000
sed_range,1342224001
sed_range,1342224002
sed_range,1342224003
sed_range,1342224004
sed_range,1342224005
sed_range,1342224006
sed_range,1342225139
sed_range,1342225140
sed_range,1342225141
sed_range,1342225142
sed_range,1342225143
sed_range,1342225560
sed_range,1342225563
sed_range,1342225564
sed_range,1342225588
sed_range,1342225589
sed_range,1342225730
sed_range,1342225731
sed_range,1342225799
sed_range,1342225803
sed_range,1342225804
sed_range,1342225814
sed_range,1342225815
sed_range,1342225816
sed_range,1342225817
sed_range,1342225818
sed_range,1342225819
sed_range,1342225820
sed_range,1342225821
sed_range,1342225822
sed_range,1342225838
sed_range,1342225839
sed_range,1342225840
sed_range,1342225855
sed_range,1342225856
sed_range,1342226189
sed_range,1342226212
sed_range,1342226213
sed_range,1342227069
sed_range,1342227070
sed_range,1342227209
sed_range,1342227210
sed_range,1342227639
sed_range,1342227774
sed_range,1342228187
sed_range,1342228188
sed_range,1342228201
sed_range,1342228202
sed_range,1342228203
sed_range,1342228204
sed_range,1342228247
sed_range,1342228248
sed_range,1342228414
sed_range,1342228415
sed_range,1342228472
sed_range,1342228473
sed_range,1342228474
sed_range,1342228475
sed_range,1342228519
sed_range,1342228520
sed_range,1342228525
sed_range,1342228527
sed_range,1342228528
sed_range,1342228529
sed_range,1342228530
sed_range,1342228537
sed_range,1342228538
sed_range,1342229089
sed_range,1342229090
sed_range,1342229092
sed_range,1342229093
sed_range,1342229696
sed_range,1342229697
sed_range,1342229701
sed_range,1342229702
sed_range,1342229703
sed_range,1342229704
sed_range,1342229705
sed_range,1342229706
sed_range,1342229707
sed_range,1342229708
sed_range,1342229709
sed_range,1342229711
sed_range,1342229714
sed_range,1342229715
sed_range,1342229719
sed_range,1342229720
sed_range,1342229737
sed_range,1342229738
sed_range,1342229740
sed_range,1342229741
sed_range,1342229792
sed_range,1342229794
sed_range,1342229795
sed_range,1342229797
sed_range,1342229798
sed_range,1342229805
sed_range,1342229806
sed_range,1342229807
sed_range,1342229808
sed_range,1342229816
sed_range,1342229823
sed_range,1342230076
sed_range,1342230150
sed_range,1342230151
sed_range,1342230999
sed_range,1342231000
sed_range,1342231001
sed_range,1342231002
sed_range,1342231003
sed_range,1342231004
sed_range,1342231274
sed_range,1342231275
sed_range,1342231276
sed_range,1342231295
sed_range,1342231296
sed_range,1342231297
sed_range,1342231298
sed_range,1342231299
sed_range,1342231300
sed_range,1342231302
sed_range,1342231303
sed_range,1342231304
sed_range,1342231305
sed_range,1342231318
sed_range,1342231319
sed_range,1342231320
sed_range,1342231322
sed_range,1342231323
sed_range,1342231413
sed_range,1342231414
sed_range,1342231415
sed_range,1342231416
sed_range,1342231417
sed_range,1342231418
sed_range,1342231419
sed_range,1342231420
sed_range,1342231421
sed_range,1342231422
sed_range,1342231699
sed_range,1342231700
sed_range,1342231701
sed_range,1342231702
sed_range,1342231703
sed_range,1342231723
sed_range,1342231724
sed_range,1342231738
sed_range,1342231739
sed_range,1342231740
sed_range,1342231741
sed_range,1342231742
sed_range,1342231743
sed_range,1342231744
sed_range,1342231745
sed_range,1342231746
sed_range,1342231747
sed_range,1342231956
sed_range,1342231957
sed_range,1342232278
sed_range,1342232279
sed_range,1342232290
sed_range,1342232291
sed_range,1342232292
sed_range,1342232293
sed_range,1342232298
sed_range,1342232299
sed_range,1342232300
sed_range,1342232301
sed_range,1342232539
sed_range,1342232540
sed_range,1342232541
sed_range,1342232542
sed_range,1342232543
sed_range,1342232544
sed_range,1342232545
sed_range,1342232546
sed_range,1342232547
sed_range,1342232575
sed_range,1342232576
sed_range,1342232577
sed_range,1342232578
sed_range,1342232584
sed_range,1342233445
sed_range,1342233446
sed_range,1342233447
sed_range,1342233469
sed_range,1342233470
sed_range,1342233471
sed_range,1342233472
sed_range,1342233473
sed_range,1342233479
sed_range,1342233696
sed_range,1342233697
sed_range,1342233716
sed_range,1342233717
sed_range,1342234061
sed_range,1342234268
sed_range,1342234269
sed_range,1342234477
sed_range,1342234478
sed_range,1342234479
sed_range,1342234480
sed_range,1342234481
sed_range,1342234482
sed_range,1342234483
sed_range,1342234484
sed_range,1342234485
sed_range,1342234937
sed_range,1342234938
sed_range,1342234939
sed_range,1342234940
sed_range,1342234941
sed_range,1342234942
sed_range,1342234943
sed_range,1342234944
sed_range,1342234945
sed_range,1342235645
sed_range,1342235646
sed_range,1342235647
sed_range,1342235648
sed_range,1342235649
sed_range,1342235650
sed_range,1342235651
sed_range,1342235652
sed_range,1342235653
sed_range,1342235672
sed_range,1342235679
sed_range,1342235680
sed_range,1342235690
sed_range,1342235691
sed_range,1342235848
sed_range,1342235849
sed_range,1342235850
sed_range,1342235851
sed_range,1342235852
sed_range,1342235853
sed_range,1342235854
sed_range,1342236879
sed_range,1342236880
sed_range,1342237480
sed_range,1342237481
sed_range,1342237482
sed_range,1342237483
sed_range,1342238354
sed_range,1342238355
sed_range,1342238356
sed_range,1342238357
sed_range,1342238358
sed_range,1342238359
sed_range,1342238375
sed_range,1342238388
sed_range,1342238389
sed_range,1342238730
sed_range,1342238904
sed_range,1342238905
sed_range,1342238906
sed_range,1342238926
sed_range,1342238927
sed_range,1342238941
sed_range,1342239474
sed_range,1342239475
sed_range,1342239476
sed_range,1342239477
sed_range,1342239689
sed_range,1342239720
sed_range,1342239721
sed_range,1342239724
sed_range,1342239741
sed_range,1342239748
sed_range,1342239751
sed_range,1342239757
sed_range,1342239763
sed_range,1342239764
sed_range,1342240149
sed_range,1342240150
sed_range,1342240151
sed_range,1342240152
sed_range,1342240153
sed_range,1342240154
sed_range,1342240155
sed_range,1342240156
sed_range,1342240157
sed_range,1342240163
sed_range,1342240164
sed_range,1342240165
sed_range,1342240166
sed_range,1342240167
sed_range,1342241265
sed_range,1342241266
sed_range,1342241267
sed_range,1342241268
sed_range,1342241269
sed_range,1342241270
sed_range,1342241478
sed_range,1342241708
sed_range,1342242440
sed_range,1342242441
sed_range,1342242444
sed_range,1342242445
sed_range,1342242446
sed_range,1342242447
sed_range,1342242448
sed_range,1342242449
sed_range,1342242631
sed_range,1342242632
sed_range,1342242633
sed_range,1342242634
sed_range,1342243105
sed_range,1342243106
sed_range,1342243107
sed_range,1342243108
sed_range,1342243109
sed_range,1342243110
sed_range,1342243503
sed_range,1342243504
sed_range,1342243505
sed_range,1342243506
sed_range,1342243507
sed_range,1342243508
sed_range,1342243513
sed_range,1342243514
sed_range,1342243515
sed_range,1342243516
sed_range,1342243517
sed_range,1342243657
sed_range,1342243869
sed_range,1342243870
sed_range,1342243900
sed_range,1342243901
sed_range,1342244458
sed_range,1342244459
sed_range,1342244460
sed_range,1342244461
sed_range,1342244462
sed_range,1342244463
sed_range,1342244464
sed_range,1342244465
sed_range,1342244466
sed_range,1342244467
sed_range,1342244468
sed_range,1342244469
sed_range,1342244910
sed_range,1342244911
sed_range,1342244912
sed_range,1342244913
sed_range,1342244914
sed_range,1342244915
sed_range,1342245221
sed_range,1342245222
sed_range,1342245223
sed_range,1342245229
sed_range,1342245230
sed_range,1342245243
sed_range,1342245244
sed_range,1342245455
sed_range,1342245456
sed_range,1342245647
sed_range,1342245648
sed_range,1342245802
sed_range,1342245803
sed_range,1342245804
sed_range,1342245809
sed_range,1342245810
sed_range,1342245952
sed_range,1342245953
sed_range,1342245954
sed_range,1342245956
sed_range,1342245957
sed_range,1342246389
sed_range,1342246390
sed_range,1342246557
sed_range,1342246651
sed_range,1342246652
sed_range,1342246653
sed_range,1342246654
sed_range,1342246655
sed_range,1342246656
sed_range,1342246657
sed_range,1342246658
sed_range,1342246659
sed_range,1342246787
sed_range,1342246788
sed_range,1342246789
sed_range,1342246790
sed_range,1342246791
sed_range,1342246792
sed_range,1342246793
sed_range,1342246794
sed_range,1342246795
sed_range,1342247005
sed_range,1342247006
sed_range,1342247443
sed_range,1342247444
sed_range,1342247445
sed_range,1342247457
sed_range,1342247458
sed_range,1342247459
sed_range,1342247460
sed_range,1342247461
sed_range,1342247462
sed_range,1342247463
sed_range,1342247464
sed_range,1342247465
sed_range,1342247537
sed_range,1342247780
sed_range,1342248309
sed_range,1342248357
sed_range,1342248358
sed_range,1342248541
sed_range,1342248542
sed_range,1342248543
sed_range,1342248672
sed_range,1342248673
sed_range,1342248674
sed_range,1342248675
sed_range,1342248676
sed_range,1342248677
sed_range,1342248928
sed_range,1342248929
sed_range,1342249198
sed_range,1342249199
sed_range,1342249200
sed_range,1342249201
sed_range,1342249202
sed_range,1342249203
sed_range,1342249306
sed_range,1342249307
sed_range,1342249308
sed_range,1342249497
sed_range,1342249511
sed_range,1342249996
sed_range,1342250007
sed_range,1342250305
sed_range,1342250306
sed_range,1342250307
sed_range,1342250308
sed_range,1342250309
sed_range,1342250310
sed_range,1342250311
sed_range,1342250312
sed_range,1342250313
sed_range,1342250579
sed_range,1342250580
sed_range,1342250581
sed_range,1342250582
sed_range,1342250885
sed_range,1342250886
sed_range,1342250887
sed_range,1342250888
sed_range,1342250889
sed_range,1342250890
sed_range,1342250891
sed_range,1342250902
sed_range,1342250903
sed_range,1342250907
sed_range,1342250908
sed_range,1342250909
sed_range,1342250910
sed_range,1342250911
sed_range,1342250912
sed_range,1342250917
sed_range,1342250990
sed_range,1342250991
sed_range,1342251033
sed_range,1342251034
sed_range,1342251350
sed_range,1342251351
sed_range,1342251352
sed_range,1342251353
sed_range,1342251355
sed_range,1342251356
sed_range,1342251357
sed_range,1342251358
sed_range,1342251359
sed_range,1342251360
sed_range,1342251361
sed_range,1342251362
sed_range,1342252074
sed_range,1342252075
sed_range,1342252076
sed_range,1342252077
sed_range,1342252078
sed_range,1342252079
sed_range,1342252080
sed_range,1342252081
sed_range,1342252082
sed_range,1342252083
sed_range,1342252084
sed_range,1342252085
sed_range,1342252086
sed_range,1342252262
sed_range,1342252263
sed_range,1342252264
sed_range,1342252265
sed_range,1342252266
sed_range,1342252267
sed_range,1342252268
sed_range,1342252270
sed_range,1342252326
sed_range,1342252327
sed_range,1342252328
sed_range,1342252329
sed_range,1342252330
sed_range,1342252331
sed_range,1342252332
sed_range,1342252333
sed_range,1342252334
sed_range,1342252335
sed_range,1342252336
sed_range,1342252337
sed_range,1342252338
sed_range,1342252339
sed_range,1342252340
sed_range,1342252341
sed_range,1342252342
sed_range,1342252343
sed_range,1342252344
sed_range,1342252345
sed_range,1342252346
sed_range,1342252347
sed_range,1342252348
sed_range,1342252349
sed_range,1342252350
sed_range,1342252351
sed_range,1342252352
sed_range,1342252353
sed_range,1342252354
sed_range,1342252355
sed_range,1342254764
sed_range,1342254765
sed_range,1342254766
sed_range,1342255724
sed_range,1342255725
sed_range,1342255726
sed_range,1342255727
sed_range,1342255728
sed_range,1342255729
sed_range,1342255730
sed_range,1342255731
sed_range,1342255732
sed_range,1342256243
sed_range,1342256244
sed_range,1342256245
sed_range,1342256778
sed_range,1342256779
sed_range,1342256780
sed_range,1342256781
sed_range,1342256782
sed_range,1342257208
sed_range,1342257209
sed_range,1342257210
sed_range,1342257211
sed_range,1342257212
sed_range,1342257213
sed_range,1342257214
sed_range,1342257215
sed_range,1342257216
sed_range,1342257634
sed_range,1342258093
sed_range,1342258094
sed_range,1342258095
sed_range,1342258096
sed_range,1342258097
sed_range,1342258098
sed_range,1342258099
sed_range,1342258100
sed_range,1342258101
sed_range,1342262001
sed_range,1342262002
sed_range,1342262003
sed_range,1342262541
sed_range,1342262542
sed_range,1342262950
sed_range,1342262951
sed_range,1342262952
sed_range,1342262953
sed_range,1342262963
sed_range,1342262964
sed_range,1342262965
sed_range,1342262966
sed_range,1342262972
sed_range,1342262973
sed_range,1342262974
sed_range,1342262975
sed_range,1342262986
sed_range,1342262987
sed_range,1342262988
sed_range,1342262989
sed_range,1342262992
sed_range,1342262993
sed_range,1342262994
sed_range,1342262995
sed_range,1342262996
sed_range,1342262997
sed_range,1342262998
sed_range,1342262999
sed_range,1342263471
sed_range,1342263472
sed_range,1342263473
sed_range,1342263474
sed_range,1342263481
sed_range,1342263483
sed_range,1342263484
sed_range,1342263929
sed_range,1342263930
sed_range,1342263931
sed_range,1342265678
sed_range,1342265679
sed_range,1342265942
sed_range,1342267180
sed_range,1342267181
sed_range,1342267835
sed_range,1342267872
sed_range,1342267873
sed_range,1342268638
sed_range,1342268729
sed_range,1342268730
sed_range,1342268748
sed_range,1342268751
sed_range,1342268778
sed_range,1342268789
sed_range,1342268790
sed_range,1342268791
sed_range,1342268792
sed_range,1342268793
sed_range,1342268794
sed_range,1342268797
sed_range,1342268798
sed_range,1342269291
sed_range,1342269292
sed_range,1342269293
sed_range,1342269294
sed_range,1342269295
sed_range,1342269296
sed_range,1342269297
sed_range,1342269298
sed_range,1342269299
sed_range,1342269304
sed_range,1342269305
sed_range,1342269355
sed_range,1342269414
sed_range,1342269458
sed_range,1342269516
sed_range,1342269875
sed_range,1342269876
sed_range,1342269877
sed_range,1342269911
sed_range,1342269912
sed_range,1342269913
sed_range,1342269914
sed_range,1342269915
sed_range,1342269916
sed_range,1342269917
sed_range,1342269918
sed_range,1342269919
sed_range,1342269920
sed_range,1342269932
sed_range,1342269933
sed_range,1342270010
sed_range,1342270344
sed_range,1342270345
sed_range,1342270346
sed_range,1342270347
sed_range,1342270348
sed_range,1342270639
sed_range,1342270771
sed_range,1342270772
sed_range,1342270773
sed_range,1342271055
sed_range,1342271056
sed_range,1342271057
